1,General Services,AC Air Filter Replacement,
2,General Services,AC Belt Replacement,
3,General Services,AC Low Pressure Hose Replacement,
4,General Services,AC Recharge,
5,General Services,AC Refrigerant Discharge Hose Replacement,
6,General Services,AC Refrigerant Liquid Hose Replacement,
7,General Services,AC Refrigerant Suction Hose Replacement,
8,General Services,AC Suction Line Hose Assembly Replacement,
9,General Services,Adjust Clutch,
10,General Services,Adjust Drive Belts,
11,General Services,Adjust Drum Brakes,
12,General Services,Adjust Ignition Timing,
13,General Services,Adjust Parking Brake Cable,
14,General Services,Adjust Throttle Valve Cable,
15,General Services,Air Filter Replacement,
16,General Services,Air Injection Hose Replacement,
17,General Services,Air Intake Hose Replacement,
18,General Services,Alternator Belt Replacement,
19,General Services,Amazon Local Brake Pads Package,
20,General Services,Bleed Brakes,
21,General Services,Brake and Inspection Special,
22,General Services,Brake Hose Replacement,
23,General Services,Brake System Flush,
24,General Services,Brake System Flush,
25,General Services,Breather Hose Replacement,
26,General Services,Bypass Hose Replacement,
27,General Services,Cabin Air Filter Replacement,
28,General Services,Change Oil and Filter,
29,General Services,Change Oil and Filter,
30,General Services,Clean and Repack Wheel Bearing,
31,General Services,Clean Evaporator Drain Tube,
32,General Services,Clean Throttle Body,
33,General Services,Clutch Fluid Replacement,
34,General Services,Cooling System Flush,
35,General Services,Cooling System Flush,
36,General Services,Drive Belt Tensioner Replacement,
37,General Services,Exhaust Gas Recirculation (EGR) Tube Replacement,
38,General Services,Fuel Filter Replacement,
39,General Services,Heater Bypass Tube Replacement,
40,General Services,Lubricate Ball Joints,
41,General Services,Lubricate Doors,
42,General Services,Lubricate Driveshaft,
43,General Services,Lubricate Hood Hinge,
44,General Services,Lubricate Steering and Suspension,
45,General Services,Lubricate Suspension,
46,General Services,Lubricate Trunk,
47,General Services,Lubricate U-Joints,
48,General Services,Power Steering Belt Replacement,
49,General Services,Power Steering Fluid Service,
50,General Services,Power Steering Fluid Service,
51,General Services,Power Steering Pressure Hose Replacement,
52,General Services,Power Steering Return Hose Replacement,
53,General Services,Pressure Test Radiator Cap,
54,General Services,Radiator Flush,
55,General Services,Radiator Flush,
56,General Services,Radiator Hose Replacement,
57,General Services,Recharge Diesel Emissions Fluid,
58,General Services,Recharge Diesel Emissions Fluid,
59,General Services,Reset Indicator Lights,
60,General Services,Rotate Tires,
61,General Services,Rotate Tires,
62,General Services,Serpentine/Drive Belt Replacement,
63,General Services,Service Battery/cables,
64,General Services,Spare Tire Installation,
65,General Services,Spare Tire Installation,
66,General Services,Supercharger Belt Replacement,
67,General Services,Tighten Wheel Lug Nuts,
68,General Services,Timing Belt Replacement,
69,General Services,Timing Cover Gasket,
70,General Services,Transfer Case Fluid Replacement,
71,General Services,Transmission Fluid Service,
72,General Services,Transmission Fluid Service,
73,General Services,Trunk Latch Adjustment,
74,General Services,Tune-up,
75,General Services,Valve Clearance Adjustment,
76,Brakes,ABS Speed Sensor Replacement,
77,Brakes,Anti-Lock Control Relay Replacement,
78,Brakes,Anti-Lock Fuses Or Relay Replacement,
79,Brakes,Brake Caliper Replacement,
80,Brakes,Brake Drum Replacement,
81,Brakes,Brake Hose Replacement,
82,Brakes,Brake Master Cylinder Replacement,
83,Brakes,Brake Pads Replacement,
84,Brakes,Brake Rotor/Disc Replacement,
85,Brakes,Brake Shoes (Rear) Replacement,
86,Brakes,Brake System Flush,
87,Brakes,Brake Vacuum Pump Replacement,
88,Brakes,Brake Wheel Cylinder Replacement,
89,Brakes,Emergency / Parking Brake Cable Replacement,
90,Brakes,Emergency / Parking Brake Shoe Replacement,
91,Brakes,Emergency Brake Control Replacement,
92,Brakes,Parking Brake Release Cable Replacement,
93,Brakes,Vacuum Brake Booster Check Valve Replacement,
94,Brakes,Vacuum Pump Replacement,
95,Brakes,Wheel Hub Assembly Replacement,
96,Brakes,Wheel Speed Sensor Replacement,
97,Engine,AC Belt Replacement,
98,Engine,Accelerator Cable Replacement,
99,Engine,Air Bleed Housing Assembly Replacement,
100,Engine,Air Pump Check Valve Replacement,
101,Engine,Air Pump Replacement,
102,Engine,Alternator Belt Replacement,
103,Engine,Alternator Replacement,
104,Engine,Automatic Shutdown Relay Replacement,
105,Engine,Barometric Sensor Replacement,
106,Engine,Battery Terminal Ends Replacement,
107,Engine,Boost Pressure Sensor Replacement,
108,Engine,Breather Hose Replacement,
109,Engine,Bypass Hose Replacement,
110,Engine,Camshaft Adjuster Magnet Replacement,
111,Engine,Camshaft Seal Replacement,
112,Engine,Carburetor Replacement,
113,Engine,Carburetor Replacement,
114,Engine,Coolant Recovery Reservoir Replacement,
115,Engine,Coolant Reservoir Replacement,
116,Engine,Coolant Temperature Switch (Sensor) Replacement,
117,Engine,Cooling System Flush,
118,Engine,Cooling/Radiator Fan Motor Replacement,
119,Engine,Crankshaft Harmonic Balancer Replacement,
120,Engine,Cruise Control Cable Replacement,
121,Engine,Distributor O Ring Replacement,
122,Engine,Distributor Replacement,
123,Engine,Distributor Rotor and Cap Replacement,
124,Engine,Eccentric Shaft Sensor Replacement,
125,Engine,EGR Pressure Sensor Replacement,
126,Engine,EGR Vacuum Solenoid Replacement,
127,Engine,Electronic Ignition Pickup Replacement,
128,Engine,Electronic Spark Control Replacement,
129,Engine,Engine Camshaft Synchronizer Replacement,
130,Engine,Engine Intake Manifold Runner Control Lever Replacement,
131,Engine,Engine Intake Manifold Runner Control Sensor Replacement,
132,Engine,Engine Intake Manifold Runner Vacuum Actuator Replacement,
133,Engine,Engine Intake Manifold Runner Vacuum Control Motor Replacement,
134,Engine,Engine Mount Replacement,
135,Engine,Engine Oil Temperature Sensor Replacement,
136,Engine,Engine Oil Temperature Switch Replacement,
137,Engine,Engine Variable Valve Timing (VVT) Adjuster Magnet Replacement,
138,Engine,Engine Variable Valve Timing (VVT) Eccentric Shaft Sensor Replacement,
139,Engine,Engine Variable Valve Timing (VVT) Oil Control Valve Replacement,
140,Engine,Exhaust Gas Recirculation (EGR) Tube Replacement,
141,Engine,Exhaust Gas Recirculation/EGR Valve Replacement,
142,Engine,Exhaust Manifold Gasket Replacement,
143,Engine,Exhaust Manifold Replacement,
144,Engine,Fan Clutch Replacement,
145,Engine,Front Crankshaft Seal Replacement,
146,Engine,Fuel Filler Cap Replacement,
147,Engine,Fuel Filler Neck Replacement,
148,Engine,Fuel Filter Replacement,
149,Engine,Fuel Gauge Sender Replacement,
150,Engine,Fuel Injector O Rings Replacement,
151,Engine,Fuel Injector Replacement,
152,Engine,Fuel Pressure Damper Replacement,
153,Engine,Fuel Pressure Damper Replacement,
154,Engine,Fuel Pressure Regulator Replacement,
155,Engine,Fuel Pressure Sensor Replacement,
156,Engine,Fuel Pump Replacement,
157,Engine,Fuel Tank Pressure Sensor Replacement,
158,Engine,Gas Cap Replacement,
159,Engine,Heater Bypass Tube Replacement,
160,Engine,Heater Hoses Replacement,
161,Engine,Idle Control Valve Replacement,
162,Engine,Idler Pulley Replacement,
163,Engine,Injector Control Pressure Sensor Replacement,
164,Engine,Intake Manifold Gaskets Replacement,
165,Engine,Intake Manifold Runner Control Replacement,
166,Engine,Leak Detection Pump Replacement,
167,Engine,Manifold Absolute Pressure Sensor (MAP Sensor) Replacement,
168,Engine,Oil Cooler Adapter Gasket Replacement,
169,Engine,Oil Cooler Hose (Automatic Transmission) Replacement,
170,Engine,Oil Cooler Lines Replacement,
171,Engine,Oil Cooler Replacement,
172,Engine,Oil Filter Housing Gasket Replacement,
173,Engine,Oil Filter Housing Replacement,
174,Engine,Oil Pan Gasket Replacement,
175,Engine,Oil Pan Replacement,
176,Engine,Oil Pressure Sensor Replacement,
177,Engine,Oil Pump O Ring Replacement,
178,Engine,Oil Separator Replacement,
179,Engine,Oxygen Sensor Replacement,
180,Engine,PCV Valve Grommet Replacement,
181,Engine,PCV Valve Hose Replacement,
182,Engine,Points & Condenser Replacement,
183,Engine,Positive Crankcase Ventilation (PCV) Valve Replacement,
184,Engine,Power Steering Belt Replacement,
185,Engine,Pressure Test Radiator Cap,
186,Engine,Radiator Flush,
187,Engine,Radiator Replacement,
188,Engine,Serpentine/Drive Belt Replacement,
189,Engine,Starter Replacement,
190,Engine,Supercharger Belt Replacement,
191,Engine,Thermostat Housing Replacement,
192,Engine,Thermostat Replacement,
193,Engine,Throttle Body Replacement,
194,Engine,Throttle Control Cable Replacement,
195,Engine,Throttle Controller Replacement,
196,Engine,Timing Cover Gasket,
197,Engine,Timing Cover Replacement,
198,Engine,Tune-up,
199,Engine,Valve Cover Gasket Replacement,
200,Engine,Valve Cover Replacement,
201,Engine,Variable Valve Timing (VVT) Solenoid Replacement,
202,Engine,Variable Valve Timing (VVT) Switch Replacement,
203,Engine,Vent Oil Separator Replacement,
204,Engine,Water Pump (Auxiliary) Replacement,
205,Engine,Water Pump Pulley Replacement,
206,Engine,Water Pump Replacement,
207,Engine,Windshield Washer Reservoir Replacement,
208,Clutch and Transmission,Automatic Transmission Shift Lever Assembly Replacement,
209,Clutch and Transmission,Axle / CV Shaft Assembly Replacement,
210,Clutch and Transmission,Axle Shaft Seal Replacement,
211,Clutch and Transmission,Center Support Bearing Replacement,
212,Clutch and Transmission,Clutch Cable Replacement,
213,Clutch and Transmission,Clutch Fluid Replacement,
214,Clutch and Transmission,Clutch Master Cylinder Replacement,
215,Clutch and Transmission,Clutch Safety Switch Replacement,
216,Clutch and Transmission,Clutch Slave Cylinder Replacement,
217,Clutch and Transmission,Clutch Switch Replacement,
218,Clutch and Transmission,Differential Gasket Replacement,
219,Clutch and Transmission,Differential Output Seal Replacement,
220,Clutch and Transmission,Flexible Clutch Hose Replacement,
221,Clutch and Transmission,Manual Transmission Shift Cable Replacement,
222,Clutch and Transmission,Manual Transmission Shift Lever Replacement,
223,Clutch and Transmission,Shift Interlock Cable Replacement,
224,Clutch and Transmission,Shift Interlock Solenoid Replacement,
225,Clutch and Transmission,Shift Selector Cable Replacement,
226,Clutch and Transmission,Shifter Interlock Solenoid Replacement,
227,Clutch and Transmission,Speed Sensor Replacement,
228,Clutch and Transmission,Speedometer Cable and Housing Replacement,
229,Clutch and Transmission,Speedometer Cable Replacement,
230,Clutch and Transmission,Transfer Case Fluid Replacement,
231,Clutch and Transmission,Transmission Fluid Service,
232,Clutch and Transmission,Transmission Oil Pressure Switch Replacement,
233,Clutch and Transmission,Transmission Position Sensor (Switch) Replacement,
234,Clutch and Transmission,Transmission Speed Sensor Replacement,
235,Heating & AC,AC Accumulator Replacement,
236,Heating & AC,AC Clutch Cycling Switch Replacement,
237,Heating & AC,AC Compressor Relay Replacement,
238,Heating & AC,AC Compressor Replacement,
239,Heating & AC,AC Condenser Fan Replacement,
240,Heating & AC,AC Condenser Replacement,
241,Heating & AC,AC Control Switch Replacement,
242,Heating & AC,AC High Pressure Hose Replacement,
243,Heating & AC,AC High Pressure Switch Replacement,
244,Heating & AC,AC is not working (Inspection),
245,Heating & AC,AC Low Pressure Hose Replacement,
246,Heating & AC,AC Low Pressure Switch Replacement,
247,Heating & AC,AC Pressure Switch Replacement,
248,Heating & AC,AC Receiver Dryer Replacement,
249,Heating & AC,AC Recharge,
250,Heating & AC,AC Refrigerant Discharge Hose Replacement,
251,Heating & AC,AC Refrigerant Liquid Hose Replacement,
252,Heating & AC,AC Refrigerant Suction Hose Replacement,
253,Heating & AC,AC Suction Line Hose Assembly Replacement,
254,Heating & AC,Ambient Temperature Sensor (Switch) Replacement,
255,Heating & AC,Auxiliary Fan Control Unit Replacement,
256,Heating & AC,Blower Motor Relay Replacement,
257,Heating & AC,Blower Motor Switch Replacement,
258,Heating & AC,Condenser Fan Relay Replacement,
259,Heating & AC,Expansion Valve (Orifice Tube) Replacement,
260,Heating & AC,Heater Blower Motor Replacement,
261,Heating & AC,Heater Blower Motor Resistor Replacement,
262,Heating & AC,Heater Control Valve Replacement,
263,Heating & AC,Radiator Hose Replacement,
264,Suspension & Steering,Air Shocks Replacement,
265,Suspension & Steering,Air Spring Bag Replacement,
266,Suspension & Steering,Air Springs Replacement,
267,Suspension & Steering,Air Suspension Air Compressor Replacement,
268,Suspension & Steering,Axle / CV Shaft Assembly Replacement,
269,Suspension & Steering,Ball Joint Front Replacement,
270,Suspension & Steering,Ball Joint Rear Replacement,
271,Suspension & Steering,Center (Drag) Link Replacement,
272,Suspension & Steering,Control Arm Assembly Replacement,
273,Suspension & Steering,Differential / Gear Oil Replacement,
274,Suspension & Steering,Differential Fluid Service Replacement,
275,Suspension & Steering,Drag Link Replacement,
276,Suspension & Steering,Idler Arm Replacement,
277,Suspension & Steering,Lateral Link Replacement,
278,Suspension & Steering,Lubricate Ball Joints,
279,Suspension & Steering,Lubricate Driveshaft,
280,Suspension & Steering,Lubricate Steering and Suspension,
281,Suspension & Steering,Lubricate Suspension,
282,Suspension & Steering,Lubricate U-Joints,
283,Suspension & Steering,Pitman Arm Replacement,
284,Suspension & Steering,Power Steering Fluid Reservoir Replacement,
285,Suspension & Steering,Power Steering Fluid Service,
286,Suspension & Steering,Power Steering Input Shaft Seal Replacement,
287,Suspension & Steering,Power Steering Pressure Hose Replacement,
288,Suspension & Steering,Power Steering Pressure Switch Replacement,
289,Suspension & Steering,Power Steering Pump Pulley Replacement,
290,Suspension & Steering,Power Steering Pump Replacement,
291,Suspension & Steering,Power Steering Return Hose Replacement,
292,Suspension & Steering,Shock Absorber Replacement,
293,Suspension & Steering,Stabilizer Bar Bushings Replacement,
294,Suspension & Steering,Stabilizer Bar Links Replacement,
295,Suspension & Steering,Steering Damper Replacement,
296,Suspension & Steering,Steering Rack/Gearbox Replacement,
297,Suspension & Steering,Steering Stabilizer Stop Replacement,
298,Suspension & Steering,Strut Assembly Replacement,
299,Suspension & Steering,Suspension Air Bag Replacement,
300,Suspension & Steering,Suspension Springs Replacement,
301,Suspension & Steering,Suspension Strut Mount Replacement,
302,Suspension & Steering,Sway Bar Replacement,
303,Suspension & Steering,Thrust Arm Replacement,
304,Suspension & Steering,Tie Rod End Replacement,
305,Suspension & Steering,Tighten Wheel Lug Nuts,
306,Suspension & Steering,Track Bar Replacement,
307,Suspension & Steering,Universal Joint (U-joint) Replacement,
308,Suspension & Steering,Wheel Bearings Replacement,
309,Suspension & Steering,Wheel Stud Replacement,
310,Exterior & Interior,Adjust Windshield Washer Jets,
311,Exterior & Interior,Clean and Repack Wheel Bearing,
312,Exterior & Interior,Clean Windshield Washer Tubes and Jets (Inspection),
313,Exterior & Interior,Deck Lid Release Cable Replacement,
314,Exterior & Interior,Door Latch Cable Replacement,
315,Exterior & Interior,Door Latch Replacement,
316,Exterior & Interior,Door Lock Actuator Replacement,
317,Exterior & Interior,Door Lock Relay Replacement,
318,Exterior & Interior,Door Lock Switch Replacement,
319,Exterior & Interior,Door Mirror Replacement,
320,Exterior & Interior,Exterior Door Handle Replacement,
321,Exterior & Interior,Front Windshield Wiper Blade Replacement,
322,Exterior & Interior,Headlight Lens Assembly Replacement,
323,Exterior & Interior,Hood Latch Replacement,
324,Exterior & Interior,Hood Lift Support Shocks Replacement,
325,Exterior & Interior,Hood Release Cable Replacement,
326,Exterior & Interior,Hood Release Handle Replacement,
327,Exterior & Interior,Interior Door Handle Replacement,
328,Exterior & Interior,Liftgate Latch Replacement,
329,Exterior & Interior,Liftgate Lock Assembly Replacement,
330,Exterior & Interior,Lubricate Doors,
331,Exterior & Interior,Lubricate Hood Hinge,
332,Exterior & Interior,Lubricate Trunk,
333,Exterior & Interior,Power Window Switch Replacement,
334,Exterior & Interior,Rear Window Wiper Blade Replacement,
335,Exterior & Interior,Rear Windshield Wiper Blade Replacement,
336,Exterior & Interior,Tailgate Handle Replacement,
337,Exterior & Interior,Trunk Latch Adjustment,
338,Exterior & Interior,Trunk Latch Release Cable Replacement,
339,Exterior & Interior,Trunk Latch Replacement,
340,Exterior & Interior,Trunk Lift Support Shocks Replacement,
341,Exterior & Interior,Trunk Lock Actuator Replacement,
342,Exterior & Interior,Washer fluid does not spray onto windshield (Inspection),
343,Exterior & Interior,Window Motor / Regulator Assembly Replacement,
344,Exterior & Interior,Window Motor / Regulator Assembly Replacement,
345,Exterior & Interior,Windshield Washer Pump Replacement,
346,Exterior & Interior,Windshield Wiper Arm Replacement,
347,Exterior & Interior,Windshield Wiper Blade Replacement,
348,Exterior & Interior,Windshield Wiper Linkage Replacement,
349,Exterior & Interior,Windshield Wiper Motor Replacement,
350,Exterior & Interior,Windshield Wiper Refill Replacement,
351,Exterior & Interior,Windshield Wiper Switch Replacement,
352,Exterior & Interior,Windshield Wiper/Washer System Inspection,
353,Exterior & Interior,Wiper Gearbox Replacement,
354,Electrical,ABS Speed Sensor Replacement,
355,Electrical,AC Control Switch Replacement,
356,Electrical,Air Charge Temperature Sensor Replacement,
357,Electrical,Air Cleaner Temperature Sensor Replacement,
358,Electrical,Auxiliary Battery Replacement,
359,Electrical,Backup Light Switch Replacement,
360,Electrical,Ballast Resistor Replacement,
361,Electrical,Battery Cable Replacement,
362,Electrical,Battery Replacement,
363,Electrical,Blower Motor Switch Replacement,
364,Electrical,Boost Pressure Sensor Replacement,
365,Electrical,Brake Light Bulb Replacement,
366,Electrical,Brake Light Switch Replacement,
367,Electrical,Brake Light Switch Replacement,
368,Electrical,Camshaft Position Sensor Replacement,
369,Electrical,Center High Mount Stop Light Bulb Replacement,
370,Electrical,Center High Mount Stop Light Replacement,
371,Electrical,Clutch Safety Switch Replacement,
372,Electrical,Clutch Switch Replacement,
373,Electrical,Combination Switch Assembly Replacement,
374,Electrical,Combination Switch Assembly Replacement,
375,Electrical,Console Light Bulb Replacement,
376,Electrical,Coolant Level Sensor Replacement,
377,Electrical,Cornering Light Replacement,
378,Electrical,Courtesy Light Bulb Replacement,
379,Electrical,Crankshaft Position Sensor Replacement,
380,Electrical,Daytime Running Lights Replacement,
381,Electrical,Distributor Rotor and Cap Replacement,
382,Electrical,Dome Light Bulb Replacement,
383,Electrical,Door Lock Switch Replacement,
384,Electrical,Eccentric Shaft Sensor Replacement,
385,Electrical,EGR Pressure Sensor Replacement,
386,Electrical,Electronic Ignition Pickup Replacement,
387,Electrical,Engine Intake Manifold Runner Control Sensor Replacement,
388,Electrical,Engine Oil Temperature Sensor Replacement,
389,Electrical,Engine Oil Temperature Switch Replacement,
390,Electrical,Engine Variable Valve Timing (VVT) Adjuster Magnet Replacement,
391,Electrical,Engine Variable Valve Timing (VVT) Eccentric Shaft Sensor Replacement,
392,Electrical,Fog Light Lens Replacement,
393,Electrical,Fog Light Relay Replacement,
394,Electrical,Fog/Driving Light Bulb Replacement,
395,Electrical,Fuel Tank Pressure Sensor Replacement,
396,Electrical,Hazard / Turn Signal Flasher Replacement,
397,Electrical,Headlight Bulb Replacement,
398,Electrical,Headlight Closure Relay Replacement,
399,Electrical,Headlight Switch Replacement,
400,Electrical,Headlight Switch Replacement,
401,Electrical,Ignition Cable (Spark plug wires) Replacement,
402,Electrical,Ignition Coil Replacement,
403,Electrical,Ignition Ignitor Replacement,
404,Electrical,Ignition Relay Replacement,
405,Electrical,Ignition Switch Replacement,
406,Electrical,Ignition Switch Replacement,
407,Electrical,Instrument Voltage Regulator Replacement,
408,Electrical,Intermittent Wiper Relay Replacement,
409,Electrical,License Plate Light Replacement,
410,Electrical,Low Water Sensor Replacement,
411,Electrical,Manifold Temperature Sensor Replacement,
412,Electrical,Map Light Bulb Replacement,
413,Electrical,Mass Airflow Sensor Replacement,
414,Electrical,Neutral Safety Switch Replacement,
415,Electrical,Oil Temperature Sensor Replacement,
416,Electrical,Oxygen Sensor Replacement,
417,Electrical,Power Seat Switch Replacement,
418,Electrical,Power Window Switch Replacement,
419,Electrical,Reset Indicator Lights,
420,Electrical,Reverse Light Bulb Replacement,
421,Electrical,Service Battery/cables,
422,Electrical,Spark Plugs Replacement,
423,Electrical,Speedometer Sensor Replacement,
424,Electrical,Tail Lamp Bulb Replacement,
425,Electrical,Tail Light Lens Replacement,
426,Electrical,Throttle Body Position Sensor Replacement,
427,Electrical,Throttle Position Sensor Replacement,
428,Electrical,Throttle/Accelerator Pedal Position Sensor Replacement,
429,Electrical,Top Dead Center (TDC) Sensor Replacement,
430,Electrical,Trunk Light Bulb Replacement,
431,Electrical,Turn Signal Bulb Replacement,
432,Electrical,Turn Signal Switch Replacement,
433,Electrical,Turn Signal Switch Replacement,
434,Electrical,Wheel Speed Sensor Replacement,
435,Electrical,Yaw Rate Sensor Replacement,
436,Optional Services,Air Filter Replacement,